{
  "run_id": "run_20260320_165511_134018",
  "expected_rows": 6800,
  "actual_rows": 6800,
  "new_rows_written": 4326,
  "flush_policy_requested": "per_turn",
  "flush_policy_effective": "per_turn",
  "error_rows": 0,
  "error_rate": 0.0,
  "generate_errors": 0,
  "judge_errors": 0,
  "judge_parse_errors": 0,
  "new_generate_errors": 0,
  "new_judge_errors": 0,
  "new_judge_parse_errors": 0,
  "truncated_count": 0,
  "refusal_count": 0,
  "refusal_rate": 0.0,
  "prompts_version": "persona_20260311_newprompts",
  "dialogues_version": null,
  "prompts_source": "frozen",
  "dialogues_source": "manual",
  "approval_enforced": false,
  "frozen_index_path": "/Users/zhanghongjian/Desktop/the-secondary-task/frozen_inputs/index.json",
  "dry_run": false,
  "validation_log_file": null,
  "aborted": false,
  "abort_reason": null,
  "anthro_item_means_by_condition": {
    "default": {
      "anthro_q1": 4.1382352941176475,
      "anthro_q2": 4.109411764705882,
      "anthro_q3": 4.100588235294118,
      "anthro_q4": 3.5752941176470587,
      "anthro_q5": 4.0188235294117645
    },
    "unhelpful": {
      "anthro_q1": 3.6005882352941176,
      "anthro_q2": 3.5288235294117647,
      "anthro_q3": 3.41,
      "anthro_q4": 2.664705882352941,
      "anthro_q5": 3.2876470588235294
    },
    "cynical": {
      "anthro_q1": 4.031764705882353,
      "anthro_q2": 4.015882352941176,
      "anthro_q3": 3.9870588235294115,
      "anthro_q4": 3.3941176470588235,
      "anthro_q5": 3.9541176470588235
    },
    "distant": {
      "anthro_q1": 2.402941176470588,
      "anthro_q2": 2.3776470588235292,
      "anthro_q3": 2.4570588235294117,
      "anthro_q4": 2.2258823529411766,
      "anthro_q5": 2.3588235294117648
    }
  },
  "prompts_hash": "e7c0e5189c38620702472283b918cef77bec57353149ab3b4c5a25143b7a396c",
  "config_hash": "9918461cd5de3eccefa8c1aeb9c94ece91812967c3f5fbf6c2dbeac80715f6d0",
  "dialogues_hash": "e5661386ff73d07a32022c4c03fc66ec504e76a891ca58ed6eccbd0e83a8e48f"
}