{
  "run_id": "run_20260320_165511_134018",
  "expected_rows": 6800,
  "actual_rows": 6800,
  "new_rows_written": 0,
  "flush_policy_requested": "per_turn",
  "flush_policy_effective": "per_turn",
  "error_rows": 4326,
  "error_rate": 0.6361764705882353,
  "generate_errors": 4325,
  "judge_errors": 1,
  "judge_parse_errors": 0,
  "new_generate_errors": 0,
  "new_judge_errors": 0,
  "new_judge_parse_errors": 0,
  "truncated_count": 0,
  "refusal_count": 0,
  "refusal_rate": 0.0,
  "prompts_version": "persona_20260311_newprompts",
  "dialogues_version": null,
  "prompts_source": "frozen",
  "dialogues_source": "manual",
  "approval_enforced": false,
  "frozen_index_path": "/Users/zhanghongjian/Desktop/the-secondary-task/frozen_inputs/index.json",
  "dry_run": false,
  "validation_log_file": null,
  "aborted": false,
  "abort_reason": null,
  "anthro_item_means_by_condition": {
    "default": {
      "anthro_q1": 3.5326409495548963,
      "anthro_q2": 3.4658753709198815,
      "anthro_q3": 3.5089020771513355,
      "anthro_q4": 2.6602373887240356,
      "anthro_q5": 3.3560830860534123
    },
    "unhelpful": {
      "anthro_q1": 3.8133333333333335,
      "anthro_q2": 3.75,
      "anthro_q3": 3.6266666666666665,
      "anthro_q4": 2.8183333333333334,
      "anthro_q5": 3.486666666666667
    },
    "cynical": {
      "anthro_q1": 4.216666666666667,
      "anthro_q2": 4.203333333333333,
      "anthro_q3": 4.19,
      "anthro_q4": 3.566666666666667,
      "anthro_q5": 4.158333333333333
    },
    "distant": {
      "anthro_q1": 1.9333333333333333,
      "anthro_q2": 1.9083333333333334,
      "anthro_q3": 1.9816666666666667,
      "anthro_q4": 1.79,
      "anthro_q5": 1.8966666666666667
    }
  },
  "prompts_hash": "e7c0e5189c38620702472283b918cef77bec57353149ab3b4c5a25143b7a396c",
  "config_hash": "9918461cd5de3eccefa8c1aeb9c94ece91812967c3f5fbf6c2dbeac80715f6d0",
  "dialogues_hash": "e5661386ff73d07a32022c4c03fc66ec504e76a891ca58ed6eccbd0e83a8e48f"
}