{
  "run_id": "run_20260320_165503_ad22cb",
  "expected_rows": 7200,
  "actual_rows": 7200,
  "new_rows_written": 7200,
  "flush_policy_requested": "per_turn",
  "flush_policy_effective": "per_turn",
  "error_rows": 409,
  "error_rate": 0.056805555555555554,
  "generate_errors": 408,
  "judge_errors": 1,
  "judge_parse_errors": 0,
  "new_generate_errors": 408,
  "new_judge_errors": 1,
  "new_judge_parse_errors": 0,
  "truncated_count": 0,
  "refusal_count": 0,
  "refusal_rate": 0.0,
  "prompts_version": "persona_20260311_newprompts",
  "dialogues_version": null,
  "prompts_source": "frozen",
  "dialogues_source": "manual",
  "approval_enforced": false,
  "frozen_index_path": "/Users/zhanghongjian/Desktop/the-secondary-task/frozen_inputs/index.json",
  "dry_run": false,
  "validation_log_file": null,
  "aborted": false,
  "abort_reason": null,
  "anthro_item_means_by_condition": {
    "default": {
      "anthro_q1": 3.153163808397398,
      "anthro_q2": 3.1235955056179776,
      "anthro_q3": 3.1265523358959197,
      "anthro_q4": 2.6120638675340038,
      "anthro_q5": 3.0053222945002958
    },
    "unhelpful": {
      "anthro_q1": 3.52,
      "anthro_q2": 3.456470588235294,
      "anthro_q3": 3.342941176470588,
      "anthro_q4": 2.6270588235294117,
      "anthro_q5": 3.19
    },
    "cynical": {
      "anthro_q1": 3.7135294117647057,
      "anthro_q2": 3.697058823529412,
      "anthro_q3": 3.6711764705882355,
      "anthro_q4": 3.151764705882353,
      "anthro_q5": 3.6088235294117648
    },
    "distant": {
      "anthro_q1": 2.1505882352941175,
      "anthro_q2": 2.1388235294117646,
      "anthro_q3": 2.1976470588235295,
      "anthro_q4": 2.0029411764705882,
      "anthro_q5": 2.1311764705882354
    }
  },
  "prompts_hash": "e7c0e5189c38620702472283b918cef77bec57353149ab3b4c5a25143b7a396c",
  "config_hash": "b9eb997526060e4c58470b40e751c3818a67ee12ee1a9da89c4dad23e34654f0",
  "dialogues_hash": "62e35497de2c49d4e0694d23a33f3b45e64fc22e9b78539ee7a7d8e3cf3004b6"
}