{
  "run_id": "run_20260320_165503_ad22cb",
  "expected_rows": 7200,
  "actual_rows": 7200,
  "new_rows_written": 400,
  "flush_policy_requested": "per_turn",
  "flush_policy_effective": "per_turn",
  "error_rows": 45,
  "error_rate": 0.00625,
  "generate_errors": 45,
  "judge_errors": 0,
  "judge_parse_errors": 0,
  "new_generate_errors": 0,
  "new_judge_errors": 0,
  "new_judge_parse_errors": 0,
  "truncated_count": 0,
  "refusal_count": 0,
  "refusal_rate": 0.0,
  "prompts_version": "persona_20260311_newprompts",
  "dialogues_version": null,
  "prompts_source": "frozen",
  "dialogues_source": "manual",
  "approval_enforced": false,
  "frozen_index_path": "/Users/zhanghongjian/Desktop/the-secondary-task/frozen_inputs/index.json",
  "dry_run": false,
  "validation_log_file": null,
  "aborted": false,
  "abort_reason": null,
  "anthro_item_means_by_condition": {
    "default": {
      "anthro_q1": 3.139031339031339,
      "anthro_q2": 3.111111111111111,
      "anthro_q3": 3.1162393162393163,
      "anthro_q4": 2.6034188034188035,
      "anthro_q5": 2.993162393162393
    },
    "unhelpful": {
      "anthro_q1": 3.547222222222222,
      "anthro_q2": 3.4855555555555555,
      "anthro_q3": 3.372777777777778,
      "anthro_q4": 2.658888888888889,
      "anthro_q5": 3.223888888888889
    },
    "cynical": {
      "anthro_q1": 3.7383333333333333,
      "anthro_q2": 3.721111111111111,
      "anthro_q3": 3.6966666666666668,
      "anthro_q4": 3.18,
      "anthro_q5": 3.633888888888889
    },
    "distant": {
      "anthro_q1": 2.131111111111111,
      "anthro_q2": 2.118888888888889,
      "anthro_q3": 2.178888888888889,
      "anthro_q4": 1.9827777777777778,
      "anthro_q5": 2.1127777777777776
    }
  },
  "prompts_hash": "e7c0e5189c38620702472283b918cef77bec57353149ab3b4c5a25143b7a396c",
  "config_hash": "b9eb997526060e4c58470b40e751c3818a67ee12ee1a9da89c4dad23e34654f0",
  "dialogues_hash": "62e35497de2c49d4e0694d23a33f3b45e64fc22e9b78539ee7a7d8e3cf3004b6"
}
